Model,Accuracy,F1-Score (macro),ROC AUC (macro)
Baseline (Raw Data),0.8225,0.8225887132504808,0.9604270027290787
PCA-Reduced Data,0.793923076923077,0.7935369533199081,0.948581163841695
